<?xml version="1.0" encoding="utf-8"?>
<permissions>

    <privapp-permissions package="com.google.android.carrier" >
        <permission name="android.permission.WRITE_APN_SETTINGS" />
        <permission name="android.permission.CHANGE_COMPONENT_ENABLED_STATE" />
        <permission name="android.permission.INTERACT_ACROSS_USERS"/>
        <permission name="android.permission.MODIFY_PHONE_STATE"/>
        <permission name="android.permission.READ_PRIVILEGED_PHONE_STATE"/>
        <permission name="com.android.permission.INSTALL_EXISTING_PACKAGES" />
    </privapp-permissions>
</permissions>
